productName,brand,price,thcContent,cbdContent,category,rating,reviewCount,dispensaryCount,market,searchQuery,url,image
Marionberry Indica Enhanced Gummies 100mg,WYLD,21.00,100mg,,GUMMIES,4.9,869,,Los Angeles,THC gummies,https://weedmaps.com/brands/wyld/products/wyld-marionberry-indica-enhanced-gummies-100mg,
Raspberry Sativa Enhanced Gummies 100mg,WYLD,21.00,100mg,,GUMMIES,4.9,767,,Los Angeles,THC gummies,https://weedmaps.com/brands/wyld/products/wyld-raspberry-sativa-enhanced-gummies-100mg,
Huckleberry Hybrid Enhanced Gummies 100mg,WYLD,21.00,100mg,,GUMMIES,4.9,1029,,Los Angeles,THC gummies,https://weedmaps.com/brands/wyld/products/wyld-huckleberry-hybrid-enhanced-gummies-100mg,
Elderberry 2:1 CBN + Indica Enhanced Gummies 100mg:50mg,WYLD,23.10,100mg,,GUMMIES,4.9,754,,Los Angeles,THC gummies,https://weedmaps.com/brands/wyld/products/wyld-elderberry-2-1-thc-cbn-enhanced-gummies-100mg,
Strawberry 20:1 CBD + Hybrid Enhanced Gummies 200:10mg,WYLD,23.10,10mg,200mg,GUMMIES,4.7,323,,Los Angeles,THC gummies,https://weedmaps.com/brands/wyld/products/wyld-strawberry-high-cbd-gummies,
Pear 1:1 CBG + Hybrid Enhanced Gummies 100mg,WYLD,23.10,100mg,,GUMMIES,4.9,348,,Los Angeles,THC gummies,https://weedmaps.com/brands/wyld/products/wyld-pear-1-1-cbg-hybrid-enhanced-gummies-100mg,
Granddaddy Purp | Melted Diamond Live Resin Vaporizer | 1.0g (Reload),,42.00,,,PODS,4.8,168,,Los Angeles,THC gummies,https://weedmaps.com/brands/rove/products/rove-grand-daddy-purp-100-live-resin-diamond-vaporizer-1-0g-reload,
Kiwi 1:1 THCv + Sativa Enhanced Gummies | 100:100mg,WYLD,23.10,100mg,,GUMMIES,4.8,276,,Los Angeles,THC gummies,https://weedmaps.com/brands/wyld/products/wyld-kiwi-1-1-thcv-sativa-enhanced-gummies-100-100mg,
Boysenberry 1:1:1 CBD+CBN Enhanced Gummies,WYLD,23.10,100mg,100mg,GUMMIES,4.8,72,,Los Angeles,THC gummies,https://weedmaps.com/brands/wyld/products/wyld-boysenberry-1-1-1-cbd-cbn-enhanced-gummies,
Peach 2:1 CBD + Hybrid Enhanced Gummies 100:50mg,WYLD,21.00,50mg,100mg,GUMMIES,4.8,308,,Los Angeles,THC gummies,https://weedmaps.com/brands/wyld/products/wyld-peach-gummies,
Pomegranate 1:1 CBD + Hybrid Enhanced Gummies 100:100mg,WYLD,21.00,,100mg,GUMMIES,4.9,327,,Los Angeles,THC gummies,https://weedmaps.com/brands/wyld/products/wyld-pomegranate-1-1-100mg-100mg-thc-cbd-hybrid-enhanced-gummies,
Pomegranate 1:1 CBD + Hybrid Enhanced Gummies | 100:100mg,WYLD,23.10,10mg,10mg,GUMMIES,4.9,59,,Los Angeles,THC gummies,https://weedmaps.com/brands/wyld/products/wyld-pomegranate-1-1-cbd-hybrid-enhanced-gummies-1000-1000mg,
Blood Orange 1:1 CBC Sativa Enhanced Gummies | 100:100mg,WYLD,21.00,100mg,,GUMMIES,4.8,265,,Los Angeles,THC gummies,https://weedmaps.com/brands/wyld/products/wyld-blood-orange-1-1-cbc-sativa-enhanced-gummies,
Grapefruit 1:1:1 CBG:CBC + Sativa Enhanced Gummies | 100:100:100mg,WYLD,21.00,100mg,,GUMMIES,4.9,265,,Los Angeles,THC gummies,https://weedmaps.com/brands/wyld/products/wyld-grapefruit-1-1-1-cbg-cbc-sativa-enhanced-gummies,
Blood Orange 1:1 CBC Sativa Enhanced Gummies | IL,WYLD,23.10,10mg,,GUMMIES,4.4,19,,Los Angeles,THC gummies,https://weedmaps.com/brands/wyld/products/wyld-blood-orange-1-1-cbc-sativa-enhanced-gummies-568469a0-2516-4505-acef-4ca949b117af,
Point Breeze Hybrid 3.5g,,40.00,,,,4.9,41,,Los Angeles,THC gummies,https://weedmaps.com/brands/khalifa-kush/products/khalifa-kush-point-breeze-hybrid-3-5g,
Peach CBD:CBC 2:1 Gummies | 20-Pack,WYLD,23.10,,400mg,GUMMIES,4.3,3,,Los Angeles,THC gummies,https://weedmaps.com/brands/wyld/products/wyld-200mg-peach-cbd-cbc-gummies-10-pack,
Sour Tangerine Hybrid Enhanced Gummies | 200mg,WYLD,21.00,,,GUMMIES,4.7,13,,Los Angeles,THC gummies,https://weedmaps.com/brands/wyld/products/wyld-sour-tangerine-200mg-hybrid-gummies-by-wyld,
Sour Tangerine Hybrid Enhanced Gummies,WYLD,25.00,100mg,,GUMMIES,4.9,249,,Los Angeles,THC gummies,https://weedmaps.com/brands/wyld/products/wyld-sour-tangerine-hybrid-enhanced-gummies-967573b5-5cb8-4ffc-b337-4b439807da7c,
Khalifa Kush - Flower - Baby Turtle - 3.5g,,40.00,,,,5.0,13,,Los Angeles,THC gummies,https://weedmaps.com/brands/khalifa-kush/products/brandproduct-11145-a1857812-ca30-42c1-9aba-28cc4a33d992,
Boysenberry 1:1:1 CBD:CBN + Indica Enhanced Gummies | 100:100:100mg,WYLD,26.00,100mg,100mg,GUMMIES,4.9,903,,Los Angeles,THC gummies,https://weedmaps.com/brands/wyld/products/wyld-boysenberry-1-1-1-cbd-cbn-indica-enhanced-gummies,
Presidential Moon Rock Preroll - Cherry Gelato (1g),,18.20,,,,4.5,23,,Los Angeles,THC gummies,https://weedmaps.com/brands/presidential-rx/products/presidential-rx-b68bf5bf-f7b6-4f0a-9799-46147955585f,
Khalifa Mints - 3.5g Hybrid,,40.00,,,,4.6,10,,Los Angeles,THC gummies,https://weedmaps.com/brands/khalifa-kush/products/brandproduct-11145-6e546a22-e80c-40a1-baf7-0b9132cc695b,
Skywalker OG | Melted Diamond Live Resin Vaporizer | 1.0g (Reload),,55.00,,,PODS,4.7,179,,Los Angeles,THC gummies,https://weedmaps.com/brands/rove/products/rove-rove-live-resin-diamonds-vape-reload-skywalker-og-i-1-0g,
Watermelon Burst | Melted Diamond Live Resin Vaporizer | 1.0g (Reload),,55.00,,,PODS,4.8,94,,Los Angeles,THC gummies,https://weedmaps.com/brands/rove/products/rove-watermelon-burst-100-live-resin-diamond-vaporizer-1-0g-reload,
Orange Crush | Melted Diamond Live Resin Vaporizer | 1.0g (Reload),,55.00,,,PODS,4.7,92,,Los Angeles,THC gummies,https://weedmaps.com/brands/rove/products/rove-orange-crush-melted-diamond-live-resin-vaporizer-1-0g-reload,
Grapefruit 1:1:1 CBG:CBC + Sativa Enhanced Gummies,WYLD,26.00,100mg,,GUMMIES,4.9,62,,Los Angeles,THC gummies,https://weedmaps.com/brands/wyld/products/wyld-grapefruit-1-1-1-cbg-cbc-sativa-enhanced-gummies-2e16fee1-95dd-44fd-b2dd-30fa195ab67b,
Watermelon Burst | Melted Diamond Live Resin Vape | 1.0g (Ready-to-Use),,60.00,,,,4.7,41,,Los Angeles,THC gummies,https://weedmaps.com/brands/rove/products/rove-watermelon-burst-100-live-resin-diamond-vaporizer-1-0g-rtu-az,
Sour Apple Sativa Enhanced Gummies,WYLD,21.00,100mg,,GUMMIES,4.8,407,,Los Angeles,THC gummies,https://weedmaps.com/brands/wyld/products/wyld-sour-apple-gummies,
Strawberry 20:1 CBD + Hybrid Enhanced Gummies | 200:10mg,WYLD,23.00,10mg,200mg,GUMMIES,4.9,18,,Los Angeles,THC gummies,https://weedmaps.com/brands/wyld/products/wyld-strawberry-20-1-cbd-hybrid-enhanced-gummies-100mg,
Huckleberry Hybrid Enhanced Gummies | 100mg,WYLD,23.00,100mg,,GUMMIES,4.9,49,,Los Angeles,THC gummies,https://weedmaps.com/brands/wyld/products/wyld-huckleberry-hybrid-enhanced-gummies-1000mg,
Cherry Gelato | Melted Diamond Live Resin Vaporizer | 1.0g (Reload),,45.50,,,PODS,4.7,121,,Los Angeles,THC gummies,https://weedmaps.com/brands/rove/products/rove-rove-live-resin-diamonds-vape-reload-cherry-gelato-h-1-0g,
Sour Cherry Indica Enhanced Gummies,WYLD,18.00,100mg,,GUMMIES,4.8,422,,Los Angeles,THC gummies,https://weedmaps.com/brands/wyld/products/wyld-sour-cherry-indica-enhanced-gummies,
Grapefruit 2:1:1 THC:CBG:CBC + Sativa Enhanced Gummies | 200mg,,26.00,,,GUMMIES,4.7,13,,Los Angeles,THC gummies,https://weedmaps.com/brands/wyld/products/wyld-grapefruit-2-2-1-thc-cbg-cbc-200mg-hybrid-gummies-by-wyld,
Violet Sky: Flower (3.5g) - Khalifa Kush,,40.00,,,,,,,Los Angeles,THC gummies,https://weedmaps.com/brands/khalifa-kush/products/brandproduct-11145-acf220b2-5fad-436e-92fc-5910295a80b3,
Khalifa Kush - Pre-Roll - Point Breeze - 1g,,12.00,,,,4.9,11,,Los Angeles,THC gummies,https://weedmaps.com/brands/khalifa-kush/products/brandproduct-11145-15f45ed2-8d56-4bfa-a2f5-5575515c1ecb,
Smokiez Edibles Cbn Thc 1 1 Sour Jamberry100mg Cbn 100mg Thc Fruit Chews,Smokiez Edibles,25.00,100mg,,GUMMIES,5.0,3,,Los Angeles,THC gummies,https://weedmaps.com/brands/smokiez-edibles/products/smokiez-edibles-cbn-thc-1-1-sour-jamberry100mg-cbn-100mg-thc-fruit-chews,
Pound for Pound 1g Preroll,,10.80,,,,5.0,4,,Los Angeles,THC gummies,https://weedmaps.com/brands/tyson20/products/tyson20-pound-for-pound-1g-preroll,
Smokiez Green Apple Fruit Chews - CA,Smokiez Edibles,25.00,10mg,,GUMMIES,4.6,20,,Los Angeles,THC gummies,https://weedmaps.com/brands/smokiez-edibles/products/smokiez-edibles-smokiez-green-apple-fruit-chews-california,
Sour Green Apple CBG:THC 1:1 THC Fruit Chews - AZ,Smokiez Edibles,25.00,100mg,,GUMMIES,4.8,5,,Los Angeles,THC gummies,https://weedmaps.com/brands/smokiez-edibles/products/smokiez-edibles-sour-green-apple-100mg-thc-fruit-chews-az,
Smokiez Edibles Blackberry 100mg Thc Fruit Chews Az,Smokiez Edibles,25.00,100mg,,GUMMIES,5.0,3,,Los Angeles,THC gummies,https://weedmaps.com/brands/smokiez-edibles/products/smokiez-edibles-blackberry-100mg-thc-fruit-chews-az,
Smokiez Edibles Sour Watermelon Indica 100mg Thc Live Resin Fruit Chews Wa,Smokiez Edibles,16.80,100mg,,GUMMIES,5.0,1,,Los Angeles,THC gummies,https://weedmaps.com/brands/smokiez-edibles/products/smokiez-edibles-sour-watermelon-indica-100mg-thc-live-resin-fruit-chews-wa,
Huckleberry Hybrid Enhanced Gummies,WYLD,23.00,100mg,,GUMMIES,4.8,48,,Los Angeles,THC gummies,https://weedmaps.com/brands/wyld/products/wyld-huckleberry-hybrid-enhanced-gummies,
Khalifa Kush Flower | 3.5g - Khalifa Kush,,45.00,,,,4.2,6,,Los Angeles,THC gummies,https://weedmaps.com/brands/khalifa-kush/products/brandproduct-11145-c3962c91-b9a8-40a3-b8a8-fda5193b4cbf,
Green Apple CBG:THC 1:1 THC Fruit Chews - AZ,Smokiez Edibles,25.00,100mg,,GUMMIES,5.0,2,,Los Angeles,THC gummies,https://weedmaps.com/brands/smokiez-edibles/products/smokiez-edibles-green-apple-100mg-thc-fruit-chews-az,
Smokiez Edibles Peach Sativa 100mg Thc Fruit Chews Or,Smokiez Edibles,25.00,100mg,,GUMMIES,,,,Los Angeles,THC gummies,https://weedmaps.com/brands/smokiez-edibles/products/smokiez-edibles-peach-sativa-100mg-thc-fruit-chews-or,
Pioneer Squares by Craft Elixirs,,23.10,10mg,100mg,GUMMIES,,,,Los Angeles,THC gummies,https://weedmaps.com/brands/craft-elixirs/products/craft-elixirs-10-1-black-blueberry-100mgcbd-10mgthc-gummies,
Smokiez Edibles Watermelon Indica 100mg Thc Live Resin Fruit Chews Wa,Smokiez Edibles,21.00,100mg,,GUMMIES,,,,Los Angeles,THC gummies,https://weedmaps.com/brands/smokiez-edibles/products/smokiez-edibles-watermelon-indica-100mg-thc-live-resin-fruit-chews-wa,
Live Diamonds - Hibiscus - 1g (OK),,45.50,,,,,,,Los Angeles,THC gummies,https://weedmaps.com/brands/rove/products/rove-live-diamonds-hibiscus-1g-ok,
Khalifa Mints Single Pre-Roll 1G,,13.00,,,,5.0,14,,Los Angeles,THC gummies,https://weedmaps.com/brands/khalifa-kush/products/khalifa-kush-kk-pre-roll,
Smokiez Edibles Sour Watermelon 100mg Cbn 100mg Thc 1 1 Fruit Chews Ok,Smokiez Edibles,30.00,100mg,,GUMMIES,,,,Los Angeles,THC gummies,https://weedmaps.com/brands/smokiez-edibles/products/smokiez-edibles-sour-watermelon-100mg-cbn-100mg-thc-1-1-fruit-chews-ok,
Coco Pebbles | Premier Live Resin Diamonds Extract | 1g,,45.50,,,,,,,Los Angeles,THC gummies,https://weedmaps.com/brands/rove/products/rove-coco-pebbles-premier-live-resin-diamonds-extract-1g,
Maui Waui | Melted Diamond Live Resin Vaporizer | 1.0g (Ready-to-Use),,51.00,,,,4.5,117,,Los Angeles,THC gummies,https://weedmaps.com/brands/rove/products/rove-rove-ready-to-use-live-resin-diamond-vaporizer-maui-waui-s-1-0g,
Fruit Punch | Melted Diamond Live Resin Vaporizer | 1.0g (Ready-to-Use),,51.00,,,,4.7,115,,Los Angeles,THC gummies,https://weedmaps.com/brands/rove/products/rove-rove-ready-to-use-live-resin-diamond-vaporizer-fruit-punch-s-1-0g,
Dynamite Cookies 1g Pre-roll,,10.80,,,,,,,Los Angeles,THC gummies,https://weedmaps.com/brands/tyson20/products/tyson20-dynamite-cookies-1g-pre-roll,
Pear 1:1 THC:CBG Hybrid Enhanced Gummies 100:100mg,WYLD,21.00,10mg,,GUMMIES,4.8,16,,Los Angeles,THC gummies,https://weedmaps.com/brands/wyld/products/wyld-1358f07e-3112-4a6d-9d9d-a11838341601,
Sky OG | 2g Melted Diamond Live Resin Vaporizer | 2x 1g (Reload),,42.00,,,PODS,,,,Los Angeles,THC gummies,https://weedmaps.com/brands/rove/products/rove-a25ce8b3-8221-45c3-ae10-a9eafcef2996,
RSO Original | Durban Poison | Sativa | 1g | DOH,,22.00,,,,5.0,1,,Los Angeles,THC gummies,https://weedmaps.com/brands/skagit-organics/products/skagit-organics-rso-original-durban-poison-sativa-1g-doh,
Blue Dream | Melted Diamond Live Resin Vaporizer | 1.0g (Ready-to-Use),,51.00,,,,4.7,129,,Los Angeles,THC gummies,https://weedmaps.com/brands/rove/products/rove-blue-dream-100-live-resin-diamond-vaporizer-1-0g-ready-to-use,
Granddaddy Purp | Melted Diamond Live Resin Vape | 1.0g (Ready-To-Use),,51.00,,,,4.6,111,,Los Angeles,THC gummies,https://weedmaps.com/brands/rove/products/rove-grand-daddy-purp-100-live-resin-diamond-vaporizer-1-0g-ready-to-use,
Smokiez Edibles Guava Indica 100mg Thc Live Resin Fruit Chews Wa,Smokiez Edibles,21.00,100mg,,GUMMIES,,,,Los Angeles,THC gummies,https://weedmaps.com/brands/smokiez-edibles/products/smokiez-edibles-guava-indica-100mg-thc-live-resin-fruit-chews-wa,
Smokiez SATIVA Sour Peach Fruit Chews - 100mg 10pk - WA,Smokiez Edibles,16.80,100mg,10mg,GUMMIES,,,,Los Angeles,THC gummies,https://weedmaps.com/brands/smokiez-edibles/products/smokiez-edibles-smokiez-sativa-sour-peach-fruit-chews-100mg-10pk-wa,
Indica 1g Preroll,,10.80,,,,,,,Los Angeles,THC gummies,https://weedmaps.com/brands/tyson20/products/tyson20-indica-1g-preroll-d7ab1796-e685-494f-9479-c3c80fd95e4a,
Papaya Cake | Premier Live Resin Diamonds Extract | 0.5g,,45.50,,,,,,,Los Angeles,THC gummies,https://weedmaps.com/brands/rove/products/rove-papaya-cake-premier-live-resin-diamonds-extract-0-5g,
Orange Crush | Melted Diamond Live Resin Vaporizer | 1.0g (Ready-To-Use),,51.00,,,,4.5,49,,Los Angeles,THC gummies,https://weedmaps.com/brands/rove/products/rove-orange-crush-melted-diamond-live-resin-vaporizer-1-0g-ready-to-use,
Sour Cherry Indica Enhanced Gummies | 100mg,WYLD,18.00,10mg,,GUMMIES,4.9,105,,Los Angeles,THC gummies,https://weedmaps.com/brands/wyld/products/wyld-sour-cherry-indica-enhanced-gummies-100mg,
CBN RSO Original | Purple Cadillac CBN | Hybrid | 7 x 1g,,23.00,,,,,,,Los Angeles,THC gummies,https://weedmaps.com/brands/skagit-organics/products/skagit-organics-cbn-rso-original-purple-cadillac-cbn-hybrid-7-x-1g-aec28937-6e5c-40f0-a69e-916dbfc80ed7,
THC RSO Original | Sour Alien | Indica | 1g,,16.10,,,,,,,Los Angeles,THC gummies,https://weedmaps.com/brands/skagit-organics/products/skagit-organics-thc-rso-original-sour-alien-indica-1g-46825625-fbc8-4636-a50a-b335c17818f1,
Peach 2:1 CBD + Hybrid Enhanced Gummies | 100mg,WYLD,21.00,5mg,10mg,GUMMIES,4.8,37,,Los Angeles,THC gummies,https://weedmaps.com/brands/wyld/products/wyld-peach-2-1-cbd-hybrid-enhanced-gummies-100mg,
THC RSO Original | Blackberry Kush | Indica | 3 x 1g,,25.20,,,,,,,Los Angeles,THC gummies,https://weedmaps.com/brands/skagit-organics/products/skagit-organics-thc-rso-original-blackberry-kush-indica-3-x-1g,
Smokiez HYBRID Sour Watermelon Fruit Chews - 100mg 10pk - WA,Smokiez Edibles,16.80,100mg,10mg,GUMMIES,5.0,1,,Los Angeles,THC gummies,https://weedmaps.com/brands/smokiez-edibles/products/smokiez-edibles-smokiez-hybrid-sour-watermelon-fruit-chews-100mg-10pk-wa,
Smokiez SATIVA Sour Tropical Fruit Chews - 100mg 10pk - WA,Smokiez Edibles,16.80,100mg,10mg,GUMMIES,,,,Los Angeles,THC gummies,https://weedmaps.com/brands/smokiez-edibles/products/smokiez-edibles-smokiez-sativa-sour-tropical-fruit-chews-100mg-10pk-wa,
Smokiez INDICA Sour Blackberry Fruit Chews - 100mg 10pk - WA,Smokiez Edibles,25.00,100mg,10mg,GUMMIES,4.0,1,,Los Angeles,THC gummies,https://weedmaps.com/brands/smokiez-edibles/products/smokiez-edibles-smokiez-indica-sour-blackberry-fruit-chews-100mg-10pk-wa,
Smokiez Edibles Sour Mango Sativa 100mg Thc Live Resin Fruit Chews Wa,Smokiez Edibles,25.00,100mg,,GUMMIES,,,,Los Angeles,THC gummies,https://weedmaps.com/brands/smokiez-edibles/products/smokiez-edibles-sour-mango-sativa-100mg-thc-live-resin-fruit-chews-wa,
Smokiez SATIVA Tropical Fruit Chews - 100mg 10pk - WA,Smokiez Edibles,16.80,100mg,10mg,GUMMIES,,,,Los Angeles,THC gummies,https://weedmaps.com/brands/smokiez-edibles/products/smokiez-edibles-smokiez-sativa-tropical-fruit-chews-100mg-10pk-wa,
Ray S Lemonade Mango Lil Ray S 100mg Thc,Ray's Lemonade,14.00,100mg,,,3.0,2,,Los Angeles,THC gummies,https://weedmaps.com/brands/ray-s-lemonade/products/ray-s-lemonade-mango-lil-ray-s-100mg-thc,
Smokiez Edibles Sour Guava Indica 100mg Thc Live Resin Fruit Chews Wa,Smokiez Edibles,16.80,100mg,,GUMMIES,,,,Los Angeles,THC gummies,https://weedmaps.com/brands/smokiez-edibles/products/smokiez-edibles-sour-guava-indica-100mg-thc-live-resin-fruit-chews-wa,
THC RSO Original | Cake Crasher | Sativa | 1g,,22.00,,,,,,,Los Angeles,THC gummies,https://weedmaps.com/brands/skagit-organics/products/skagit-organics-thc-rso-original-cake-crasher-sativa-1g-6bfd42bb-7cf7-4fa2-8b0f-af96b2ef50b4,
Smokiez SATIVA Sour Tropical Fruit Chews - 100mg - ME,Smokiez Edibles,20.00,100mg,,GUMMIES,5.0,2,,Los Angeles,THC gummies,https://weedmaps.com/brands/smokiez-edibles/products/smokiez-edibles-smokiez-sativa-sour-tropical-fruit-chews-100mg-me,
Smokiez SATIVA Peach Fruit Chews - 100mg 10pk - WA,Smokiez Edibles,16.80,100mg,10mg,GUMMIES,,,,Los Angeles,THC gummies,https://weedmaps.com/brands/smokiez-edibles/products/smokiez-edibles-smokiez-sativa-peach-fruit-chews-100mg-10pk-wa,
CBG RSO Original | The White CBG | 1g | DOH+,,22.00,,,,,,,Los Angeles,THC gummies,https://weedmaps.com/brands/skagit-organics/products/skagit-organics-cbg-original-the-white-cbg-1g-doh,
Sour Peach CBD Fruit Chews - 250 mg - WA,Smokiez Edibles,18.00,10mg,250mg,GUMMIES,5.0,1,,Los Angeles,THC gummies,https://weedmaps.com/brands/smokiez-edibles/products/smokiez-edibles-sour-green-apple-delta-8-thc-fruit-chews-250-mg-wa,
THC RSO Original | Cherry OG | Hybrid | 1g,,22.00,,,,,,,Los Angeles,THC gummies,https://weedmaps.com/brands/skagit-organics/products/skagit-organics-thc-rso-original-cherry-og-hybrid-1g,
Violet Sky: Pre-Roll (1g) – Khalifa Kush,,12.00,,,,4.0,5,,Los Angeles,THC gummies,https://weedmaps.com/brands/khalifa-kush/products/brandproduct-11145-b4c50de4-27ac-430d-b396-18e3687e32a7,
Baby Turtle Pre-roll,,13.00,,,,4.5,2,,Los Angeles,THC gummies,https://weedmaps.com/brands/khalifa-kush/products/brandproduct-11145-ed2861cd-b315-4e28-9f7b-b2b279a4925d,
Smokiez HYBRID Watermelon Fruit Chews - 100mg 10pk - WA,Smokiez Edibles,16.80,100mg,10mg,GUMMIES,5.0,1,,Los Angeles,THC gummies,https://weedmaps.com/brands/smokiez-edibles/products/smokiez-edibles-smokiez-hybrid-watermelon-fruit-chews-100mg-10pk-wa,
Smokiez Edibles Watermelon Fruit Chews 100 Mg Thc Nv,Smokiez Edibles,20.00,100mg,,GUMMIES,,,,Los Angeles,THC gummies,https://weedmaps.com/brands/smokiez-edibles/products/smokiez-edibles-watermelon-fruit-chews-100-mg-thc-nv,
Smokiez HYBRID Sour Green Apple Fruit Chews - 100mg 10pk - WA,Smokiez Edibles,25.00,100mg,10mg,GUMMIES,,,,Los Angeles,THC gummies,https://weedmaps.com/brands/smokiez-edibles/products/smokiez-edibles-smokiez-hybrid-sour-green-apple-fruit-chews-100mg-10pk-wa,
CBD Original | Critical Mass | Indica | 1:1 | 1g | DOH,,22.00,,,,,,,Los Angeles,THC gummies,https://weedmaps.com/brands/skagit-organics/products/skagit-organics-cbd-original-critical-mass-indica-1-1-1g-doh,
Smokiez Edibles Smokiez Sour Jamberry 100mg Cbn 100mg Thc Fruit Chews Wa,Smokiez Edibles,25.00,100mg,,GUMMIES,5.0,1,,Los Angeles,THC gummies,https://weedmaps.com/brands/smokiez-edibles/products/smokiez-edibles-smokiez-sour-jamberry-100mg-cbn-100mg-thc-fruit-chews-wa,
Raspberry Sativa Enhanced Gummies | 100mg | 10pk,WYLD,25.00,10mg,,GUMMIES,5.0,9,,Los Angeles,THC gummies,https://weedmaps.com/brands/wyld/products/wyld-02489546-f046-4f4c-9c96-785b2dfa572b,
Oreo Blizzy - Legacy,,40.00,,,,,,,Los Angeles,THC gummies,https://weedmaps.com/brands/freddy-s-fuego/products/freddy-s-fuego-oreo-blizzy,
CBG RSO Original | Jack Frost CBG | 1g | DOH+,,22.00,,,,,,,Los Angeles,THC gummies,https://weedmaps.com/brands/skagit-organics/products/skagit-organics-cbg-original-jack-frost-cbg-1g-doh,
CBN RSO Original | Purple Cadillac CBN | Hybrid | 3 x 1g,,136.00,,,,,,,Los Angeles,THC gummies,https://weedmaps.com/brands/skagit-organics/products/skagit-organics-cbn-rso-original-purple-cadillac-cbn-hybrid-3-x-1g,
THC RSO Original | Blue Dream | Sativa | 1g,,22.00,,,,,,,Los Angeles,THC gummies,https://weedmaps.com/brands/skagit-organics/products/skagit-organics-thc-rso-original-blue-dream-sativa-1g-6f544938-4b63-4638-b5fc-730b71c387f6,
Sherb Crasher - Legacy,,35.00,,,,,,,Los Angeles,THC gummies,https://weedmaps.com/brands/freddy-s-fuego/products/freddy-s-fuego-sherb-crasher,
Smokiez Edibles Sour Passion Fruit Sativa 100mg Thc Live Resin Fruit Chews Wa,Smokiez Edibles,25.00,100mg,,GUMMIES,,,,Los Angeles,THC gummies,https://weedmaps.com/brands/smokiez-edibles/products/smokiez-edibles-sour-passion-fruit-sativa-100mg-thc-live-resin-fruit-chews-wa,
Lyon King - Flagship,,36.00,,,,,,,Los Angeles,THC gummies,https://weedmaps.com/brands/freddy-s-fuego/products/freddy-s-fuego-lyon-king,
CBN Platinum Distillate | Purple Cadillac CBN | Hybrid | 1g,,27.00,,,,,,,Los Angeles,THC gummies,https://weedmaps.com/brands/skagit-organics/products/skagit-organics-cbn-platinum-distillate-purple-cadillac-cbn-hybrid-1g,
CBD Original | Harley Tsu | Hybrid | 3:1 | 1g,,22.00,,,,,,,Los Angeles,THC gummies,https://weedmaps.com/brands/skagit-organics/products/skagit-organics-cbd-original-harley-tsu-hybrid-3-1-1g,
THC Platinum Distillate | Tahoe OG | Hybrid | 1g,,27.00,,,,,,,Los Angeles,THC gummies,https://weedmaps.com/brands/skagit-organics/products/skagit-organics-thc-platinum-distillate-tahoe-og-hybrid-1g,
THC RSO Original | Cherry OG | Hybrid | 7 x 1g,,136.00,,,,,,,Los Angeles,THC gummies,https://weedmaps.com/brands/skagit-organics/products/skagit-organics-thc-rso-original-cherry-og-hybrid-7-x-1g,
"Wild Mint Salve | CBD MJ | Mixed | CBD, THC, CBG | 3oz",Skagit Organics,68.00,100mg,2000mg,,,,,Los Angeles,THC gummies,https://weedmaps.com/brands/skagit-organics/products/skagit-organics-cbd-mj-mixed-cbd-thc-cbg-3oz,
CBD RSO Original | Harlequin 5:1 | Sativa | 7 x 1g,,136.00,,,,,,,Los Angeles,THC gummies,https://weedmaps.com/brands/skagit-organics/products/skagit-organics-cbd-rso-original-harlequin-5-1-sativa-7-x-1g,
RSO Original | Wavy Blue | Hybrid | 3 x 1g | DOH,,136.00,,,,,,,Los Angeles,THC gummies,https://weedmaps.com/brands/skagit-organics/products/skagit-organics-rso-original-wavy-blue-hybrid-3-x-1g-doh,
THC RSO Original | Cake Crasher | Sativa | 3 x 1g,,136.00,,,,,,,Los Angeles,THC gummies,https://weedmaps.com/brands/skagit-organics/products/skagit-organics-thc-rso-original-cake-crasher-sativa-3-x-1g,
Ray S Lemonade Solventless Raspberry Lil Rays 100mg Thc,Ray's Lemonade,15.00,100mg,,,,,,Los Angeles,THC gummies,https://weedmaps.com/brands/ray-s-lemonade/products/ray-s-lemonade-solventless-raspberry-lil-rays-100mg-thc,
Ray S Lemonade Solventless Tiger S Blood Lil Rays 100mg Thc,Ray's Lemonade,15.00,100mg,,,,,,Los Angeles,THC gummies,https://weedmaps.com/brands/ray-s-lemonade/products/ray-s-lemonade-solventless-tiger-s-blood-lil-rays-100mg-thc,
Smokiez INDICA Sour Blue Raspberry Fruit Chews - 100mg,Smokiez Edibles,25.00,10mg,,GUMMIES,5.0,1,,Los Angeles,THC gummies,https://weedmaps.com/brands/smokiez-edibles/products/smokiez-edibles-2b049505-9da4-492d-a496-442306cf164f,
Peach CBD Fruit Chews - 250 mg - WA,Smokiez Edibles,30.00,,,GUMMIES,,,,Los Angeles,THC gummies,https://weedmaps.com/brands/smokiez-edibles/products/smokiez-edibles-peach-delta-8-1-1-thc-fruit-chews-100-mg-wa,
Ray S Lemonade Tiger S Blood 100mg Thc,Ray's Lemonade,20.00,100mg,,,,,,Los Angeles,THC gummies,https://weedmaps.com/brands/ray-s-lemonade/products/ray-s-lemonade-tiger-s-blood-100mg-thc,
RSO Original | Sour Kush | Hybrid | 1g,Skagit Organics,22.00,610mg,16mg,,,,,Los Angeles,THC gummies,https://weedmaps.com/brands/skagit-organics/products/skagit-organics-rso-platinum-granddaddy-purple-indica-1-x-1g,
CBD RSO Original | Critical Mass 1:1 | Indica | 1g,,22.00,,,,,,,Los Angeles,THC gummies,https://weedmaps.com/brands/skagit-organics/products/skagit-organics-cbd-rso-original-critical-mass-1-1-indica-1g,
Capsules RSO Original | Durban Poison | Sativa | 10 Pack,,25.00,,,,,,,Los Angeles,THC gummies,https://weedmaps.com/brands/skagit-organics/products/skagit-organics-capsules-rso-original-durban-poison-sativa-13-pack,
RSO Original | Lemon OG | Hybrid | 1g | DOH,,22.00,,,,,,,Los Angeles,THC gummies,https://weedmaps.com/brands/skagit-organics/products/skagit-organics-rso-original-lemon-og-hybrid-1g-doh,
CBG RSO Original | Milky Way CBG | 1g | DOH+,,22.00,,,,,,,Los Angeles,THC gummies,https://weedmaps.com/brands/skagit-organics/products/skagit-organics-cbg-original-milky-way-cbg-1g-doh,
THC Platinum Distillate | Blue Dream | Sativa | 1g,,17.60,,,,,,,Los Angeles,THC gummies,https://weedmaps.com/brands/skagit-organics/products/skagit-organics-thc-platinum-distillate-blue-dream-sativa-1g,
Blue Raspberry CBD Fruit Chews - 250 mg,Smokiez Edibles,27.00,1mg,25mg,GUMMIES,,,,Los Angeles,THC gummies,https://weedmaps.com/brands/smokiez-edibles/products/smokiez-edibles-green-apple-delta-8-thc-fruit-chews-250-mg-wa,
Ray S Lemonade Pineapple 100mg Thc,Ray's Lemonade,26.00,100mg,,,,,,Los Angeles,THC gummies,https://weedmaps.com/brands/ray-s-lemonade/products/ray-s-lemonade-pineapple-100mg-thc,
Guava Indica 100mg Live Resin Fruit Chews - OR,Smokiez Edibles,27.00,100mg,,GUMMIES,5.0,2,,Los Angeles,THC gummies,https://weedmaps.com/brands/smokiez-edibles/products/smokiez-edibles-guava-indica-100mg-live-resin-fruit-chews-or,
Capsules RSO Original | Dutch Treat | Hybrid | 10 Pack,,20.00,,,,,,,Los Angeles,THC gummies,https://weedmaps.com/brands/skagit-organics/products/skagit-organics-capsules-rso-original-dutch-treat-hybrid-14-pack,
THC RSO Original | Blackberry Kush | Indica | 1g,,20.00,,,,,,,Los Angeles,THC gummies,https://weedmaps.com/brands/skagit-organics/products/skagit-organics-thc-rso-original-blackberry-kush-indica-1g,
CBG RSO Original | Milky Way CBG | 7 x 1g | DOH+,,120.00,,,,,,,Los Angeles,THC gummies,https://weedmaps.com/brands/skagit-organics/products/skagit-organics-cbg-original-milky-way-cbg-7-x-1g-doh,
Ray S Lemonade Dragon Fruit Lil Rays 100 100mg Thc Cbg,Ray's Lemonade,16.00,100mg,,,,,,Los Angeles,THC gummies,https://weedmaps.com/brands/ray-s-lemonade/products/ray-s-lemonade-dragon-fruit-lil-rays-100-100mg-thc-cbg,
Capsules RSO Original | Critical Mass 1:1 | CBD | 10 Pack,,25.00,,,,,,,Los Angeles,THC gummies,https://weedmaps.com/brands/skagit-organics/products/skagit-organics-capsules-rso-original-critical-mass-1-1-cbd-10-pack,
CBD RSO Original | Critical Mass 1:1 | Indica | 7 x 1g,,135.00,,,,,,,Los Angeles,THC gummies,https://weedmaps.com/brands/skagit-organics/products/skagit-organics-cbd-rso-original-critical-mass-1-1-indica-7-x-1g,
Lemon Shortbread - Flagship,,36.00,,,,,,,Los Angeles,THC gummies,https://weedmaps.com/brands/freddy-s-fuego/products/freddy-s-fuego-lemon-shortbread-freddy-s-finest,
Ray S Lemonade Strawberry Lil Ray S 100mg Thc,Ray's Lemonade,12.00,100mg,,,4.7,3,,Los Angeles,THC gummies,https://weedmaps.com/brands/ray-s-lemonade/products/ray-s-lemonade-strawberry-lil-ray-s-100mg-thc,
Ray S Lemonade Original Lil Ray S 100mg Thc,Ray's Lemonade,16.00,100mg,,,5.0,4,,Los Angeles,THC gummies,https://weedmaps.com/brands/ray-s-lemonade/products/ray-s-lemonade-original-lil-ray-s-100mg-thc,
Tiger Mintz 1g Distillate Cart,,28.00,,,,,,,Los Angeles,THC gummies,https://weedmaps.com/brands/tyson20/products/tyson20-tiger-mintz-1g-distillate-cart,
CBD Original | Harlequin | Sativa | 5:1 | 1g,,20.00,,,,,,,Los Angeles,THC gummies,https://weedmaps.com/brands/skagit-organics/products/skagit-organics-cbd-original-harlequin-sativa-5-1-1g,
Cherry Gelato | Melted Diamond Live Resin Vaporizer | 1.0g (Ready-to-Use),,51.00,,,,4.4,76,,Los Angeles,THC gummies,https://weedmaps.com/brands/rove/products/rove-rove-ready-to-use-live-resin-diamond-vaporizer-cherry-gelato-h-1-0g,
Sativa 1g Preroll,,10.80,,,,,,,Los Angeles,THC gummies,https://weedmaps.com/brands/tyson20/products/tyson20-sativa-1g-preroll-ae950a7d-0c35-4d6e-954f-8d8f1578bb8d,
Ray S Lemonade Solventless Mango Lil Rays 100mg Thc,Ray's Lemonade,15.00,100mg,,,,,,Los Angeles,THC gummies,https://weedmaps.com/brands/ray-s-lemonade/products/ray-s-lemonade-solventless-mango-lil-rays-100mg-thc,
Vape THC Platinum | Bubba Kush | Indica | 1g,,30.00,,,,,,,Los Angeles,THC gummies,https://weedmaps.com/brands/skagit-organics/products/skagit-organics-vape-thc-platinum-bubba-kush-indica-1g,
Ray S Lemonade Strawberry 100 100mg Thc Cbd,Ray's Lemonade,26.00,100mg,100mg,,,,,Los Angeles,THC gummies,https://weedmaps.com/brands/ray-s-lemonade/products/ray-s-lemonade-strawberry-100-100mg-thc-cbd,
Hybrid 1g Preroll,,10.80,,,,,,,Los Angeles,THC gummies,https://weedmaps.com/brands/tyson20/products/tyson20-hybrid-1g-preroll-16f3973b-4dea-4b65-bba5-a7bde3199ab2,
RSO Original | Bubba Kush | Indica | 1g | DOH,,24.00,,,,,,,Los Angeles,THC gummies,https://weedmaps.com/brands/skagit-organics/products/skagit-organics-rso-original-bubba-kush-indica-1g-doh,
Ray S Lemonade Solventless Huckleberry Lil Rays 100mg Thc,Ray's Lemonade,15.00,100mg,6mg,,,,,Los Angeles,THC gummies,https://weedmaps.com/brands/ray-s-lemonade/products/ray-s-lemonade-solventless-huckleberry-lil-rays-100mg-thc,
Ray S Lemonade Solventless Original Lemonade Lil Rays 100mg Thc,Ray's Lemonade,12.00,100mg,,,,,,Los Angeles,THC gummies,https://weedmaps.com/brands/ray-s-lemonade/products/ray-s-lemonade-solventless-original-lemonade-lil-rays-100mg-thc,
Ray S Lemonade Solventless Strawberry Lil Rays 100mg Thc,Ray's Lemonade,15.00,100mg,,,,,,Los Angeles,THC gummies,https://weedmaps.com/brands/ray-s-lemonade/products/ray-s-lemonade-solventless-strawberry-lil-rays-100mg-thc,
Ray S Lemonade Pineapple Lil Ray S 100mg Thc,Ray's Lemonade,12.00,100mg,,,,,,Los Angeles,THC gummies,https://weedmaps.com/brands/ray-s-lemonade/products/ray-s-lemonade-pineapple-lil-ray-s-100mg-thc,
Smokiez Edibles B5297d93 Ade5 4801 Ae0d D0ca04552161,Smokiez Edibles,25.00,100mg,,GUMMIES,5.0,3,,Los Angeles,THC gummies,https://weedmaps.com/brands/smokiez-edibles/products/smokiez-edibles-b5297d93-ade5-4801-ae0d-d0ca04552161,
Value THC RSO | THC Blend | Mixed | 1g,,8.40,,,,,,,Los Angeles,THC gummies,https://weedmaps.com/brands/skagit-organics/products/skagit-organics-value-thc-rso-thc-blend-mixed-1g,
Ice Cream Mintz - Legacy Pre Roll 1g,,9.00,,,,,,,Los Angeles,THC gummies,https://weedmaps.com/brands/freddy-s-fuego/products/freddy-s-fuego-ice-cream-mintz-legacy-pre-roll-1g,
Dante's Inferno - Legacy Pre Roll 1g,,9.00,,,,,,,Los Angeles,THC gummies,https://weedmaps.com/brands/freddy-s-fuego/products/freddy-s-fuego-dante-s-inferno-legacy-pre-roll-1g,
Goldust - Flagship,,30.00,,,,,,,Los Angeles,THC gummies,https://weedmaps.com/brands/freddy-s-fuego/products/freddy-s-fuego-goldust-flagship,
Permanent Marker - Flagship,,40.00,,,,,,,Los Angeles,THC gummies,https://weedmaps.com/brands/freddy-s-fuego/products/freddy-s-fuego-permanent-marker-flagship,
THC Platinum Distillate | Lemon Kush | Hybrid | 1g,,24.00,,,,,,,Los Angeles,THC gummies,https://weedmaps.com/brands/skagit-organics/products/skagit-organics-thc-platinum-distillate-lemon-kush-hybrid-1g,
RSO Original | Dutch Treat | Hybrid | 1g,,20.00,,,,,,,Los Angeles,THC gummies,https://weedmaps.com/brands/skagit-organics/products/skagit-organics-rso-original-dutch-treat-hybrid-1g,
Marionberry Indica Enhanced Gummies | 100mg 10pk,WYLD,24.00,,,GUMMIES,5.0,7,,Los Angeles,THC gummies,https://weedmaps.com/brands/wyld/products/wyld-43374b21-8c36-413a-bace-8e20a056207d,
Value CBN RSO | CBN Blend | Mixed | 1g,,12.00,,,,,,,Los Angeles,THC gummies,https://weedmaps.com/brands/skagit-organics/products/skagit-organics-value-cbn-rso-cbn-blend-mixed-1g,
Permanent Marker Preroll 1g - Freddy's Finest,,7.00,,,,,,,Los Angeles,THC gummies,https://weedmaps.com/brands/freddy-s-fuego/products/freddy-s-fuego-permanent-marker-preroll-1g-freddy-s-finest,
Ray S Lemonade Huckleberry Lil Rays 100mg Thc,Ray's Lemonade,11.20,100mg,,,,,,Los Angeles,THC gummies,https://weedmaps.com/brands/ray-s-lemonade/products/ray-s-lemonade-huckleberry-lil-rays-100mg-thc,
Carrot Cake - Legacy,,40.00,,,,,,,Los Angeles,THC gummies,https://weedmaps.com/brands/freddy-s-fuego/products/freddy-s-fuego-carrot-cake,
Ray S Lemonade Solventless Huckleberry 100mg Thc,Ray's Lemonade,14.00,100mg,,,,,,Los Angeles,THC gummies,https://weedmaps.com/brands/ray-s-lemonade/products/ray-s-lemonade-solventless-huckleberry-100mg-thc,
THC RSO Original | Super Silver Haze | Sativa | 1g,,20.00,,,,,,,Los Angeles,THC gummies,https://weedmaps.com/brands/skagit-organics/products/skagit-organics-thc-rso-original-super-silver-haze-sativa-1g-1a27ce3b-0925-4569-a6fa-719a98db876e,
Ray S Lemonade Tiger S Blood Lil Ray S 100mg Thc Dbea1e59 B3f2 42a5 A59c 76b1e9bf8839,Ray's Lemonade,12.00,100mg,,,,,,Los Angeles,THC gummies,https://weedmaps.com/brands/ray-s-lemonade/products/ray-s-lemonade-tiger-s-blood-lil-ray-s-100mg-thc-dbea1e59-b3f2-42a5-a59c-76b1e9bf8839,
Ray S Lemonade Raspberry Lil Rays 100mg Thc,Ray's Lemonade,12.00,100mg,,,,,,Los Angeles,THC gummies,https://weedmaps.com/brands/ray-s-lemonade/products/ray-s-lemonade-raspberry-lil-rays-100mg-thc,
Ray S Lemonade Strawberry Lil Rays 100 100mg Thc Cbd,Ray's Lemonade,12.00,50mg,50mg,,,,,Los Angeles,THC gummies,https://weedmaps.com/brands/ray-s-lemonade/products/ray-s-lemonade-strawberry-lil-rays-100-100mg-thc-cbd,
Vape THC Platinum | Sundae Driver | Indica | 1g,,30.00,,,,,,,Los Angeles,THC gummies,https://weedmaps.com/brands/skagit-organics/products/skagit-organics-vape-thc-platinum-sundae-driver-indica-1g,
Smokiez HYBRID Green Apple Fruit Chews - 100mg 10pk - WA,Smokiez Edibles,16.80,100mg,10mg,GUMMIES,,,,Los Angeles,THC gummies,https://weedmaps.com/brands/smokiez-edibles/products/smokiez-edibles-smokiez-hybrid-green-apple-fruit-chews-100mg-10pk-wa,
Ray S Lemonade Solventess Blackberry 100mg Thc,Ray's Lemonade,26.00,100mg,,,,,,Los Angeles,THC gummies,https://weedmaps.com/brands/ray-s-lemonade/products/ray-s-lemonade-solventess-blackberry-100mg-thc,
Ray S Lemonade Solventless Peach 100mg Thc,Ray's Lemonade,26.00,100mg,,,,,,Los Angeles,THC gummies,https://weedmaps.com/brands/ray-s-lemonade/products/ray-s-lemonade-solventless-peach-100mg-thc,
Ray S Lemonade Huckleberry Lil Ray S 100mg Thc,Ray's Lemonade,12.00,100mg,,,,,,Los Angeles,THC gummies,https://weedmaps.com/brands/ray-s-lemonade/products/ray-s-lemonade-huckleberry-lil-ray-s-100mg-thc,
CBD Platinum | Critical Mass | Indica | 1:1 | 1g,,28.00,,,,,,,Los Angeles,THC gummies,https://weedmaps.com/brands/skagit-organics/products/skagit-organics-cbd-platinum-critical-mass-indica-1-1-1g,
CBD Platinum | Pine Tsunami | Hybrid | 1g | 3:1,,28.00,,,,,,,Los Angeles,THC gummies,https://weedmaps.com/brands/skagit-organics/products/skagit-organics-cbd-platinum-pine-tsunami-hybrid-1g-3-1,
RSO Original | Durban Poison | Sativa | 3 x 1g | DOH,,22.00,,,,,,,Los Angeles,THC gummies,https://weedmaps.com/brands/skagit-organics/products/skagit-organics-rso-original-durban-poison-sativa-3-x-1g-doh,
Ray S Lemonade Caffeinated Strawberry Lil Ray S 100 40mg Thc Caffeine,Ray's Lemonade,13.00,100mg,,,4.5,2,,Los Angeles,THC gummies,https://weedmaps.com/brands/ray-s-lemonade/products/ray-s-lemonade-caffeinated-strawberry-lil-ray-s-100-40mg-thc-caffeine,
Smokiez INDICA Blackberry Fruit Chews - 100mg 10pk - WA,Smokiez Edibles,25.00,10mg,,GUMMIES,,,,Los Angeles,THC gummies,https://weedmaps.com/brands/smokiez-edibles/products/smokiez-edibles-smokiez-indica-blackberry-fruit-chews-100mg-10pk-wa,
Pear 1:1 THC:CBG Hybrid Enhanced Gummies 200mg,WYLD,27.00,,,GUMMIES,5.0,1,,Los Angeles,THC gummies,https://weedmaps.com/brands/wyld/products/wyld-163492a5-297e-4c88-8025-f8af8050ef7f,
Vape CBN Platinum | Purple Cadillac CBN | CBN | 1g,,28.00,,,,,,,Los Angeles,THC gummies,https://weedmaps.com/brands/skagit-organics/products/skagit-organics-vape-cbn-platinum-purple-cadillac-cbn-cbn-1g,
RSO Original | ATF | 1g | Sativa | DOH,,28.00,,,,,,,Los Angeles,THC gummies,https://weedmaps.com/brands/skagit-organics/products/skagit-organics-rso-original-atf-1g-sativa-doh,
Smokiez Edibles Blue Raspberry Fruit Chews 100 Mg Thc Nv Ec994f1c 24df 4f5f 8914 719f97c18dca,Smokiez Edibles,25.00,100mg,,GUMMIES,5.0,1,,Los Angeles,THC gummies,https://weedmaps.com/brands/smokiez-edibles/products/smokiez-edibles-blue-raspberry-fruit-chews-100-mg-thc-nv-ec994f1c-24df-4f5f-8914-719f97c18dca,
Smokiez Edibles 2a8d989e 8e97 4725 Be9d Ea103692a260,Smokiez Edibles,30.00,100mg,,GUMMIES,5.0,1,,Los Angeles,THC gummies,https://weedmaps.com/brands/smokiez-edibles/products/smokiez-edibles-2a8d989e-8e97-4725-be9d-ea103692a260,
Smokiez Blue Raspberry Fruit Chews - 100mg - 10pk,Smokiez Edibles,20.00,100mg,,GUMMIES,4.8,4,,Los Angeles,THC gummies,https://weedmaps.com/brands/smokiez-edibles/products/smokiez-edibles-66ffe1c6-607f-4e57-9726-b39e24c8085b,
CBG Platinum Distillate | White Widow CBG | Hybrid | 1g,,22.40,,,,,,,Los Angeles,THC gummies,https://weedmaps.com/brands/skagit-organics/products/skagit-organics-cbg-platinum-distillate-white-widow-cbg-hybrid-1g,
Vape CBG Platinum | White Widow CBG | CBG | 1g,,28.00,,,,,,,Los Angeles,THC gummies,https://weedmaps.com/brands/skagit-organics/products/skagit-organics-vape-cbg-platinum-white-widow-cbg-cbg-1g,
Ray S Lemonade Huckleberry 100mg Thc,Ray's Lemonade,20.00,100mg,,,,,,Los Angeles,THC gummies,https://weedmaps.com/brands/ray-s-lemonade/products/ray-s-lemonade-huckleberry-100mg-thc,
Fritter Glitter - Freddy's Finest,,40.00,,,,,,,Los Angeles,THC gummies,https://weedmaps.com/brands/freddy-s-fuego/products/freddy-s-fuego-fritter-glitter-freddy-s-finest,
Smokiez Edibles Smokiez Tropical Fruit 100mg Cbd 100mg Thc Fruit Chews Wa,Smokiez Edibles,30.00,100mg,100mg,GUMMIES,,,,Los Angeles,THC gummies,https://weedmaps.com/brands/smokiez-edibles/products/smokiez-edibles-smokiez-tropical-fruit-100mg-cbd-100mg-thc-fruit-chews-wa,
Passion Fruit Sativa 100mg Live Resin Fruit Chews - OR,Smokiez Edibles,27.00,100mg,,GUMMIES,,,,Los Angeles,THC gummies,https://weedmaps.com/brands/smokiez-edibles/products/smokiez-edibles-passion-fruit-sativa-100mg-live-resin-fruit-chews-or,
Smokiez Edibles Smokiez Sour Tropical Fruit 100mg Cbd 100mg Thc Fruit Chews Wa,Smokiez Edibles,30.00,100mg,100mg,GUMMIES,,,,Los Angeles,THC gummies,https://weedmaps.com/brands/smokiez-edibles/products/smokiez-edibles-smokiez-sour-tropical-fruit-100mg-cbd-100mg-thc-fruit-chews-wa,
Permanent Marker - Freddy's Finest,,40.00,,,,,,,Los Angeles,THC gummies,https://weedmaps.com/brands/freddy-s-fuego/products/freddy-s-fuego-permanent-marker-freddy-s-finest,
Blue Slushie -Flagship,,50.00,,,,5.0,1,,Los Angeles,THC gummies,https://weedmaps.com/brands/freddy-s-fuego/products/freddy-s-fuego-blue-slushie-freddy-s-finest,
Ray S Lemonade Dragon Fruit 100mg Thc,Ray's Lemonade,20.00,100mg,,,,,,Los Angeles,THC gummies,https://weedmaps.com/brands/ray-s-lemonade/products/ray-s-lemonade-dragon-fruit-100mg-thc,
"Wild Mint Plain Jane Lotion | Mixed | CBD, THC, CBG | 2.5oz",Skagit Organics,44.00,5mg,50mg,,,,,Los Angeles,THC gummies,https://weedmaps.com/brands/skagit-organics/products/skagit-organics-plain-jane-mixed-cbd-thc-cbg-2-5oz,
Sour Blue Raspberry CBD Fruit Chews - 250 mg - WA,Smokiez Edibles,30.00,10mg,250mg,GUMMIES,,,,Los Angeles,THC gummies,https://weedmaps.com/brands/smokiez-edibles/products/smokiez-edibles-sour-blue-raspberry-delta-8-thc-fruit-chews-250-mg-wa,
RSO Original | Cherry CBG | 1g | Hybrid,,25.00,,,,,,,Los Angeles,THC gummies,https://weedmaps.com/brands/skagit-organics/products/skagit-organics-rso-original-cherry-cbg-1g-hybrid,
"Wild Mint Salve | CBD Chill | Mixed | CBD, THC, CBG | 3oz",Skagit Organics,44.00,100mg,2000mg,,,,,Los Angeles,THC gummies,https://weedmaps.com/brands/skagit-organics/products/skagit-organics-cbd-chill-mixed-cbd-thc-cbg-8ml,
THC RSO Original | 9# Hammer | Indica | 1g,,22.00,,,,,,,Los Angeles,THC gummies,https://weedmaps.com/brands/skagit-organics/products/skagit-organics-thc-rso-original-9-hammer-indica-1g,
Lemon Oreo Gelato - Freddy's Finest,,50.00,,,,,,,Los Angeles,THC gummies,https://weedmaps.com/brands/freddy-s-fuego/products/freddy-s-fuego-lemon-oreo-gelato-freddy-s-finest,
Ray S Lemonade Caffeinated Huckleberry Lil Ray S 100 40mg Thc Caffeine,Ray's Lemonade,13.00,100mg,,,,,,Los Angeles,THC gummies,https://weedmaps.com/brands/ray-s-lemonade/products/ray-s-lemonade-caffeinated-huckleberry-lil-ray-s-100-40mg-thc-caffeine,
THC Platinum Distillate | Sundae Driver | Indica | 7 x 1g,,25.00,,,,,,,Los Angeles,THC gummies,https://weedmaps.com/brands/skagit-organics/products/skagit-organics-thc-platinum-distillate-sundae-driver-indica-7-x-1g-d794e70d-930f-4787-96fc-f6206c6f83a3,
Magic Melon | Melted Diamond Live Resin Vaporizer | 1.0g (Reload),,46.75,,,,5.0,1,,Los Angeles,THC gummies,https://weedmaps.com/brands/rove/products/rove-8db0d23c-348b-40d7-9399-0f7208ea0231,
81.88% THC | 2.37% CBD,,28.00,,,,1.0,1,,Los Angeles,THC gummies,https://weedmaps.com/brands/tyson20/products/tyson20-tyson-2-0-cartridge,
Ethos Apex - Cured Resin Disposable,,50.00,,,,,,,Los Angeles,THC gummies,https://weedmaps.com/brands/freddy-s-fuego/products/freddy-s-fuego-ethos-apex-cured-resin-disposable,
Ethos Apex - Flagship,,50.00,,,,,,,Los Angeles,THC gummies,https://weedmaps.com/brands/freddy-s-fuego/products/freddy-s-fuego-ethos-apex-flagship,
Goldust - Cured Resin Disposable,,45.00,,,,,,,Los Angeles,THC gummies,https://weedmaps.com/brands/freddy-s-fuego/products/freddy-s-fuego-goldust-cured-resin-disposable,
Lemon Shortbread - Sauced (HTE) Disposable,,45.00,,,,,,,Los Angeles,THC gummies,https://weedmaps.com/brands/freddy-s-fuego/products/freddy-s-fuego-lemon-shortbread-sauced-hte-disposable,
Oreo Blizzy - Legacy Pre Roll 1g,,11.00,,,,,,,Los Angeles,THC gummies,https://weedmaps.com/brands/freddy-s-fuego/products/freddy-s-fuego-oreo-blizzy-legacy-pre-roll-1g,
Ray S Lemonade Original Lemonade 100mg Thc,Ray's Lemonade,16.00,100mg,,,,,,Los Angeles,THC gummies,https://weedmaps.com/brands/ray-s-lemonade/products/ray-s-lemonade-original-lemonade-100mg-thc,
Vape CBD Platinum | Critical Mass 1:1 | Indica | 1g,,33.00,,,,,,,Los Angeles,THC gummies,https://weedmaps.com/brands/skagit-organics/products/skagit-organics-vape-cbd-platinum-critical-mass-1-1-indica-7-x-1g,
Sour Tangerine Hybrid Enhanced Gummies 100mg | 10pk,WYLD,18.00,,,GUMMIES,,,,Los Angeles,THC gummies,https://weedmaps.com/brands/wyld/products/wyld-632a0c65-68ad-4675-a092-bb0d3b16dc32,
Ray S Lemonade Tiger S Blood Lil Ray S 100mg Thc,Ray's Lemonade,12.00,50mg,50mg,,,,,Los Angeles,THC gummies,https://weedmaps.com/brands/ray-s-lemonade/products/ray-s-lemonade-tiger-s-blood-lil-ray-s-100mg-thc,
"Wild Mint Headache Roller | Help | Mixed | CBD, THC, CBG | 1.5oz",Skagit Organics,20.00,5mg,50mg,,,,,Los Angeles,THC gummies,https://weedmaps.com/brands/skagit-organics/products/skagit-organics-help-mixed-cbd-thc-cbg-1-5oz,
CBG RSO Original | Stem Cell CBG | Hybrid | 1g,,20.00,,,,,,,Los Angeles,THC gummies,https://weedmaps.com/brands/skagit-organics/products/skagit-organics-cbg-rso-original-stem-cell-cbg-hybrid-1g,
Smokiez Edibles Smokiez Sour Jamberry 100mg Cbn 100mg Thc 1 1 Fruit Chews Oh,Smokiez Edibles,25.00,10mg,,GUMMIES,,,,Los Angeles,THC gummies,https://weedmaps.com/brands/smokiez-edibles/products/smokiez-edibles-smokiez-sour-jamberry-100mg-cbn-100mg-thc-1-1-fruit-chews-oh,
Ray S Lemonade Huckleberry 100 100mg Thc Cbd,Ray's Lemonade,24.00,100mg,100mg,,,,,Los Angeles,THC gummies,https://weedmaps.com/brands/ray-s-lemonade/products/ray-s-lemonade-huckleberry-100-100mg-thc-cbd,
Ray S Lemonade Strawberry 100mg Thc,Ray's Lemonade,20.00,100mg,,,,,,Los Angeles,THC gummies,https://weedmaps.com/brands/ray-s-lemonade/products/ray-s-lemonade-strawberry-100mg-thc,
CBG RSO Original | Stem Cell CBG | Hybrid | 7 x 1g,,20.00,,,,,,,Los Angeles,THC gummies,https://weedmaps.com/brands/skagit-organics/products/skagit-organics-cbg-rso-original-stem-cell-cbg-hybrid-7-x-1g,
Capsules RSO Original | 9# Hammer | Indica | 10 Pack,,20.00,,,,,,,Los Angeles,THC gummies,https://weedmaps.com/brands/skagit-organics/products/skagit-organics-capsules-rso-original-9-hammer-indica-11-pack,
Value CBG RSO | CBG Blend | Mixed | 1g,,15.00,,,,,,,Los Angeles,THC gummies,https://weedmaps.com/brands/skagit-organics/products/skagit-organics-value-cbg-rso-cbg-blend-mixed-1g,
Ray S Lemonade Raspberry 100 100mg Thc Cbd,Ray's Lemonade,24.00,100mg,100mg,,,,,Los Angeles,THC gummies,https://weedmaps.com/brands/ray-s-lemonade/products/ray-s-lemonade-raspberry-100-100mg-thc-cbd,
Value CBD RSO | CBD Blend | Mixed | 1g,,15.00,,,,,,,Los Angeles,THC gummies,https://weedmaps.com/brands/skagit-organics/products/skagit-organics-value-cbd-rso-cbd-blend-mixed-7-x-1g,
Capsules RSO Original | Milky Way | CBG | 10 Pack,,25.00,,,,,,,Los Angeles,THC gummies,https://weedmaps.com/brands/skagit-organics/products/skagit-organics-capsules-rso-original-milky-way-cbg-12-pack,
Capsules RSO Original | Purple Cadillac CBN | CBN | 10 Pack,,25.00,,,,,,,Los Angeles,THC gummies,https://weedmaps.com/brands/skagit-organics/products/skagit-organics-capsules-rso-original-purple-cadillac-cbn-cbn-1g,
Pear CBD + CBG Gummies | 10-Pack,,28.00,,,GUMMIES,4.7,7,,Los Angeles,THC gummies,https://weedmaps.com/brands/wyld/products/wyld-pear-250mg-cbd-100mg-cbg-gummies-by-wyld,
Carrot Cake - Sauced (HTE) Disposable,,39.10,,,,,,,Los Angeles,THC gummies,https://weedmaps.com/brands/freddy-s-fuego/products/freddy-s-fuego-carrot-cake-sauced-hte-disposable,
Pear 1:1 THC:CBG Hybrid Enhanced Gummies 10:10mg 2pk,WYLD,22.10,,,GUMMIES,,,,Los Angeles,THC gummies,https://weedmaps.com/brands/wyld/products/wyld-71ae903b-6cc6-4bd1-80c0-b2b1b3cb3a6b,
Ray S Lemonade Mango Lil Rays 100mg Thc,Ray's Lemonade,12.75,100mg,,,,,,Los Angeles,THC gummies,https://weedmaps.com/brands/ray-s-lemonade/products/ray-s-lemonade-mango-lil-rays-100mg-thc,
Carrot Cake - Cured Resin Disposable,,42.50,,,,,,,Los Angeles,THC gummies,https://weedmaps.com/brands/freddy-s-fuego/products/freddy-s-fuego-carrot-cake-cured-resin-disposable,
Ray S Lemonade Strawberry Lil Ray S 50 50mg Thc Cbd,Ray's Lemonade,12.75,50mg,50mg,,,,,Los Angeles,THC gummies,https://weedmaps.com/brands/ray-s-lemonade/products/ray-s-lemonade-strawberry-lil-ray-s-50-50mg-thc-cbd,
Smokiez Edibles Watermelon 100mg Cbn 100mg Thc 1 1 Fruit Chews Ok,Smokiez Edibles,25.00,100mg,,GUMMIES,,,,Los Angeles,THC gummies,https://weedmaps.com/brands/smokiez-edibles/products/smokiez-edibles-watermelon-100mg-cbn-100mg-thc-1-1-fruit-chews-ok,
Ray S Lemonade Solventless Citrus Kush Lil Rays 100mg Thc,Ray's Lemonade,12.75,100mg,,,,,,Los Angeles,THC gummies,https://weedmaps.com/brands/ray-s-lemonade/products/ray-s-lemonade-solventless-citrus-kush-lil-rays-100mg-thc,
RSO Platinum | Granddaddy Purple | Indica | 1g,,20.00,,,,,,,Los Angeles,THC gummies,https://weedmaps.com/brands/skagit-organics/products/skagit-organics-rso-platinum-granddaddy-purple-indica-1g,
Ray S Lemonade Kiwi Strawberry Lil Ray S Lemonade 100mg Thc,Ray's Lemonade,13.00,100mg,,,,,,Los Angeles,THC gummies,https://weedmaps.com/brands/ray-s-lemonade/products/ray-s-lemonade-kiwi-strawberry-lil-ray-s-lemonade-100mg-thc,
CBD Original | Harlequin | Sativa | 5:1 | 7 x 1 Gram,,22.00,,,,,,,Los Angeles,THC gummies,https://weedmaps.com/brands/skagit-organics/products/skagit-organics-cbd-original-harlequin-sativa-5-1-7-x-1-gram,
THC Platinum Distillate | Sundae Driver | Indica | 3 x 1g,,28.00,,,,,,,Los Angeles,THC gummies,https://weedmaps.com/brands/skagit-organics/products/skagit-organics-thc-platinum-distillate-sundae-driver-indica-3-x-1g,
Ray S Lemonade Diet Raspberry 100mg Thc,Ray's Lemonade,20.00,100mg,,,,,,Los Angeles,THC gummies,https://weedmaps.com/brands/ray-s-lemonade/products/ray-s-lemonade-diet-raspberry-100mg-thc,
Ray S Lemonade Raspberry Lil Ray S Lemonade 100mg Thc 4f794c2b Ab2b 411d 9786 6a1d25fc471e,Ray's Lemonade,11.20,100mg,,,,,,Los Angeles,THC gummies,https://weedmaps.com/brands/ray-s-lemonade/products/ray-s-lemonade-raspberry-lil-ray-s-lemonade-100mg-thc-4f794c2b-ab2b-411d-9786-6a1d25fc471e,
Ray S Lemonade Dragon Fruit Lil Ray S 100mg Thc C9420dbb 16bf 40c5 Aa9d 5d1e4e05c27b,Ray's Lemonade,11.20,100mg,,,,,,Los Angeles,THC gummies,https://weedmaps.com/brands/ray-s-lemonade/products/ray-s-lemonade-dragon-fruit-lil-ray-s-100mg-thc-c9420dbb-16bf-40c5-aa9d-5d1e4e05c27b,
Smokiez Edibles 0dc73ef8 58ca 4689 89e4 B4bb041f11ba,Smokiez Edibles,29.00,100mg,,GUMMIES,,,,Los Angeles,THC gummies,https://weedmaps.com/brands/smokiez-edibles/products/smokiez-edibles-0dc73ef8-58ca-4689-89e4-b4bb041f11ba,
Smokiez INDICA Blue Raspberry Fruit Chews - 100mg 10pk - WA,Smokiez Edibles,20.00,100mg,10mg,GUMMIES,,,,Los Angeles,THC gummies,https://weedmaps.com/brands/smokiez-edibles/products/smokiez-edibles-smokiez-indica-blue-raspberry-fruit-chews-100mg-10pk-wa,
CBD Original | AC/DC | Sativa | 14:1 | 1g | DOH,,20.00,,,,,,,Los Angeles,THC gummies,https://weedmaps.com/brands/skagit-organics/products/skagit-organics-cbd-original-ac-dc-sativa-14-1-1g-doh,
Sherb Crasher - Flagship Pre Roll 1g,,10.00,,,,,,,Los Angeles,THC gummies,https://weedmaps.com/brands/freddy-s-fuego/products/freddy-s-fuego-sherb-crasher-pre-roll-1g,
Ray S Lemonade Solventless Pineapple Lil Rays 100mg Thc,Ray's Lemonade,15.00,100mg,,,,,,Los Angeles,THC gummies,https://weedmaps.com/brands/ray-s-lemonade/products/ray-s-lemonade-solventless-pineapple-lil-rays-100mg-thc,
Ray S Lemonade Huckleberry 10 100mg Thc Cbd,Ray's Lemonade,9.00,100mg,100mg,,,,,Los Angeles,THC gummies,https://weedmaps.com/brands/ray-s-lemonade/products/ray-s-lemonade-huckleberry-10-100mg-thc-cbd,
Sour Apple Sativa Enhanced Gummies | 2pk (10mg),WYLD,23.00,,,GUMMIES,,,,Los Angeles,THC gummies,https://weedmaps.com/brands/wyld/products/wyld-4be9feaa-38f9-4ff5-b791-47f2827dae16,
Freddy's Fuego Pre Roll Pack,,48.00,,,,,,,Los Angeles,THC gummies,https://weedmaps.com/brands/freddy-s-fuego/products/freddy-s-fuego-freddy-s-fuego-pre-roll-pack,
Smokiez Edibles Sour Blue Raspberry Fruit Chews 250 Mg Cbd Me,Smokiez Edibles,20.00,10mg,250 mg,GUMMIES,,,,Los Angeles,THC gummies,https://weedmaps.com/brands/smokiez-edibles/products/smokiez-edibles-sour-blue-raspberry-fruit-chews-250-mg-cbd-me,
Scented Marker - Sauced (HTE) Disposable,,39.10,,,,,,,Los Angeles,THC gummies,https://weedmaps.com/brands/freddy-s-fuego/products/freddy-s-fuego-scented-marker-sauced-hte-disposable,
Capsules RSO Original | Pine Tsunami 10:1 | CBD | 10 Pack,Skagit Organics,17.00,20mg,200mg,,,,,Los Angeles,THC gummies,https://weedmaps.com/brands/skagit-organics/products/skagit-organics-capsules-rso-original-pine-tsunami-20-1-cbd-15-pack,
Big Baby - Sauced (HTE) Disposable,,39.10,,,,,,,Los Angeles,THC gummies,https://weedmaps.com/brands/freddy-s-fuego/products/freddy-s-fuego-big-baby-sauced-hte-disposable,
Ray S Lemonade Tiger S Blood Lil Ray S 50 50mg Thc Cbd,Ray's Lemonade,12.00,50mg,50mg,,,,,Los Angeles,THC gummies,https://weedmaps.com/brands/ray-s-lemonade/products/ray-s-lemonade-tiger-s-blood-lil-ray-s-50-50mg-thc-cbd,
Guava Solventless Hash Rosin Gummies | Balanced,Good Tide,23.10,100mg,,GUMMIES,4.8,185,,Los Angeles,THC gummies,https://weedmaps.com/brands/good-tide/products/good-tide-guava-solventless-hash-rosin-gummies,
Mango Solventless Hash Rosin Gummies | Mellow,Good Tide,23.10,100mg,,GUMMIES,4.7,161,,Los Angeles,THC gummies,https://weedmaps.com/brands/good-tide/products/good-tide-mango-solventless-hash-rosin-gummies,
Pineapple Solventless Hash Rosin Gummies | Uplifting,Good Tide,23.10,100mg,,GUMMIES,4.8,207,,Los Angeles,THC gummies,https://weedmaps.com/brands/good-tide/products/good-tide-test-product,
Drops – Watermelon 20 Piece (Chill),Drops,17.50,100mg,,GUMMIES,4.7,72,,Los Angeles,THC gummies,https://weedmaps.com/brands/drops/products/drops-watermelon-10-piece-drops-chill,
Kiwi Strawberry Solventless Hash Rosin Gummies | Refreshing,Good Tide,24.50,100mg,100mg,GUMMIES,4.8,121,,Los Angeles,THC gummies,https://weedmaps.com/brands/good-tide/products/good-tide-kiwi-strawberry-solventless-hass-rosin-gummies-refreshing,
Passion Fruit Solventless Hash Gummies | Sleep,Good Tide,24.50,100mg,100mg,GUMMIES,4.8,106,,Los Angeles,THC gummies,https://weedmaps.com/brands/good-tide/products/good-tide-passion-fruit-solventless-hash-gummies-sleep,
Grapefruit Solventless Hash Rosin Gummies | Blissful,Good Tide,24.50,100mg,100mg,GUMMIES,4.8,127,,Los Angeles,THC gummies,https://weedmaps.com/brands/good-tide/products/good-tide-grapefruit-solventless-hash-rosin-gummies-blissful,
Golden Pineapple - WA,,105.00,,,,4.9,21,,Los Angeles,THC gummies,https://weedmaps.com/brands/phat-panda/products/phat-panda-golden-pineapple,
Drops – Cherry 20 Piece (Dreamy),Drops,17.50,100mg,,GUMMIES,4.8,75,,Los Angeles,THC gummies,https://weedmaps.com/brands/drops/products/drops-cherry-10-piece-drops-dreamy,
Drops – Lime 20 Piece (Balanced),Drops,17.50,100mg,,GUMMIES,4.7,52,,Los Angeles,THC gummies,https://weedmaps.com/brands/drops/products/drops-lime-10-piece-drops-balanced,
Phat Panda Og Chem,,8.40,,,,5.0,6,,Los Angeles,THC gummies,https://weedmaps.com/brands/phat-panda/products/phat-panda-og-chem,
Grape Stomper Juicy Stickz .75g,,5.00,,,,5.0,3,,Los Angeles,THC gummies,https://weedmaps.com/brands/hellavated/products/hellavated-grape-stomper-juicy-stickz-75g,
Cookies - 3.5G Flower Tub - Black Cherry Gelato,,50.40,,,,4.7,21,,Los Angeles,THC gummies,https://weedmaps.com/brands/cookies/products/cookies-136a81b2-ca2b-4d08-91b7-c543f9796962,
OG Chem - Preroll - WA,,3.00,,,,4.7,3,,Los Angeles,THC gummies,https://weedmaps.com/brands/phat-panda/products/phat-panda-og-chem-preroll,
Pineapple Express (Sativa) - 1g AIO,,40.00,,,,4.8,49,,Los Angeles,THC gummies,https://weedmaps.com/brands/micro-bar/products/micro-bar-pineapple-express-sativa-1g,
Mr. Moxey's Energize Peppermint Mints,Mr. Moxey's,22.20,5mg,,,5.0,1,,Los Angeles,THC gummies,https://weedmaps.com/brands/mr-moxey-s/products/mr-moxey-s-mr-moxey-s-energize-peppermint-mints,
Cookies - 3.5G Flower Tub - Triple Scoop,,63.00,,,,4.6,32,,Los Angeles,THC gummies,https://weedmaps.com/brands/cookies/products/cookies-cookies-triple-scoop,
Cookies - 1G Dual Chamber Vape - BernieHana Butter/Tequila Sunrise,,58.00,,,,3.9,44,,Los Angeles,THC gummies,https://weedmaps.com/brands/cookies/products/cookies-cookies-1g-dual-chamber-vape-berniehana-butter-tequila-sunrise,
Cookies - 3.5G - Hawaiian Rain,,63.00,,,,4.7,18,,Los Angeles,THC gummies,https://weedmaps.com/brands/cookies/products/cookies-cookies-hawaiian-rain,
Golden Pineapple - Preroll - WA,,3.00,,,,,,,Los Angeles,THC gummies,https://weedmaps.com/brands/phat-panda/products/phat-panda-golden-pineapple-preroll,
Passion Orange Guava (Indica) - 1g AIO,,35.00,,,,4.8,50,,Los Angeles,THC gummies,https://weedmaps.com/brands/micro-bar/products/micro-bar,
White Razz (Hybrid) - 1g AIO,,40.00,,,,4.7,36,,Los Angeles,THC gummies,https://weedmaps.com/brands/micro-bar/products/micro-bar-white-razz-hybrid-1g-aio,
Trophy Wife - WA,,18.00,,,,4.8,4,,Los Angeles,THC gummies,https://weedmaps.com/brands/phat-panda/products/phat-panda-trophy-wife,
Cookies - Blue Agave,,50.40,,,,4.5,2,,Los Angeles,THC gummies,https://weedmaps.com/brands/cookies/products/cookies-cookies-blue-agave-985cfdf2-5cf2-400b-90f7-61b0111e386a,
Grand Daddy Purple - WA,,19.00,,,,,,,Los Angeles,THC gummies,https://weedmaps.com/brands/phat-panda/products/phat-panda-grand-daddy-purple,
Wedding Cake - WA,,3.50,,,,5.0,4,,Los Angeles,THC gummies,https://weedmaps.com/brands/phat-panda/products/phat-panda-wedding-cake,
Cookies - 3.5G Flower Tub - Adios Mother Fucker,,63.00,,,,4.0,2,,Los Angeles,THC gummies,https://weedmaps.com/brands/cookies/products/cookies-cookies-adios-mother-fucker,
Cookies - 3.5G - Blue Raz,,50.40,,,,4.8,50,,Los Angeles,THC gummies,https://weedmaps.com/brands/cookies/products/cookies-cookies-blue-raz,
Phat Panda Blue Dream,,19.00,,,,5.0,2,,Los Angeles,THC gummies,https://weedmaps.com/brands/phat-panda/products/phat-panda-blue-dream,
AiroPod - Midnight Moon - Indica - 1g,,40.00,,,,4.3,8,,Los Angeles,THC gummies,https://weedmaps.com/brands/airo-vapor/products/airo-vapor-airopro-midnight-moon-indica-1g,
Tangerine 1:1 Fruit Gummies,binske,17.50,100mg,100mg,GUMMIES,4.0,1,,Los Angeles,THC gummies,https://weedmaps.com/brands/binske/products/binske-tangerine-gummy,
Bomb Popz Juicy Stickz .75g,,5.00,,,,5.0,2,,Los Angeles,THC gummies,https://weedmaps.com/brands/hellavated/products/hellavated-bomb-popz-juicy-stickz-75g,
Cookies - 1G Pre Roll - Triple Scoop,,17.00,,,,4.9,17,,Los Angeles,THC gummies,https://weedmaps.com/brands/cookies/products/cookies-cookies-1g-pre-roll-triple-scoop,
Blueberry Dream Juicy Stickz .75g,,5.00,,,,3.5,4,,Los Angeles,THC gummies,https://weedmaps.com/brands/hellavated/products/hellavated-blueberry-dream-juicy-stickz-75g,
Trophy Wife - Preroll - WA,,3.00,,,,5.0,1,,Los Angeles,THC gummies,https://weedmaps.com/brands/phat-panda/products/phat-panda-trophy-wife-preroll,
Mr. Moxey's Balance Peppermint Mints,Mr. Moxey's,22.20,,5mg,,,,,Los Angeles,THC gummies,https://weedmaps.com/brands/mr-moxey-s/products/mr-moxey-s-mr-moxey-s-balance-peppermint-mints,
Pink Lemonade (Indica) - 1g AIO,,45.00,,,,4.5,22,,Los Angeles,THC gummies,https://weedmaps.com/brands/micro-bar/products/micro-bar-pink-lemonade-indica-1g,
Tiger's Blood lil' Rays 100mg,Ray's Lemonade,11.20,100mg,,,,,,Los Angeles,delta 9 gummies,https://weedmaps.com/brands/ray-s-lemonade/products/ray-s-lemonade-tiger-s-blood-lil-rays-100mg,
Peach Cobbler Juicy Stickz .75g,,5.00,,,,,,,Chicago,delta 9 gummies,https://weedmaps.com/brands/hellavated/products/hellavated-peach-cobbler-juicy-stickz-75g,
